Jesus Carey,1987-05-24,70,25,1528
Jason Allen,2011-11-15,36,3,1521
Patrick Vang,1988-04-08,96,32,546
Mary Wells,1978-04-26,94,33,4517
Robert Hawkins,2003-08-05,78,17,1922
Andrew Robinson,2004-11-01,50,32,2538
Derrick Burton,1980-01-23,54,33,2049
Daniel Brown,2017-05-07,49,7,3826
Crystal Franklin,1997-12-16,82,35,2764
Samuel Mitchell,1981-06-10,95,15,670
David Davis,2016-08-18,90,14,3886
Melissa Jones,2011-10-19,33,3,351
Beverly Ward,2020-07-18,46,30,490
Lisa Merritt,1971-02-17,77,6,4229
William Campos,1988-05-29,61,3,4162
Clinton Jackson,1992-03-30,46,30,4543
Brian Blake,2012-04-01,72,3,2819
Samantha Adams,2001-10-18,47,0,2041
Diane Weiss,1997-02-22,58,31,4588
James Weaver,1978-10-08,97,22,4935
Robert Nelson,1991-06-06,73,24,4292
Stefanie Ayala,2007-08-15,96,8,3063
Jason Smith,2016-01-06,62,31,2429
Stephanie Walker,1984-08-28,72,14,2645
Jessica Robinson,1983-11-28,67,4,3952
Ricky Fox,1971-11-05,43,6,1356
Jennifer Gamble,2020-02-02,46,14,4335
Casey Ramirez,1998-08-29,33,26,4368
John Gonzalez,1975-04-11,95,1,4091
James King,1987-04-22,39,36,1990
Rebecca Estrada,1974-06-28,76,33,302
Sarah Atkinson,1970-02-13,42,6,4005
Jennifer Gould,1991-01-12,78,39,1581
Billy Mcgee,1983-04-16,82,28,3498
Ashley Lambert,2006-08-31,94,39,3034
Samuel Burgess,1984-02-06,84,18,3275
Bryan Bolton,1994-11-29,49,17,3222
Donald Reed,1971-11-17,47,24,3017
Sarah Davis,2016-10-08,86,12,3625
Teresa Perry,2000-08-01,37,30,4131
Robert Schultz,1998-10-09,75,18,3996
Cody Bell,2015-12-25,36,23,1867
Daniel Ellison,2004-07-06,80,27,2152
Melissa Yang,1995-08-13,47,27,4894
Joshua Michael,1990-04-15,85,31,3645
Christopher Carey,2015-12-29,69,34,3149
Gregory Martinez,1992-06-18,65,7,3427
Olivia Clark,2019-02-15,89,19,342
Melanie Kim,1997-01-18,93,35,4643
Sharon Phillips,2019-12-04,47,34,4044
Alexandria Nichols,2004-02-12,43,26,2146
John Johnson,1991-08-04,67,16,2175
Thomas Mcpherson,2004-04-30,46,24,3093
Joshua Krause,1994-09-18,84,36,1466
Anthony Steele,2010-05-11,59,6,3716
Jason Moreno,1992-05-12,61,40,1101
Martin Lee,2000-10-03,98,16,1488
Amber Willis,2000-02-02,71,13,2922
Michael Hayden,2003-11-30,36,1,4059
Anthony Walters,1995-03-22,82,4,3616
Alison Johnson,1971-07-05,69,20,4051
James Robinson,1981-09-28,40,32,1806
Andrew Brown,1974-09-24,57,24,3009
Alyssa Molina,1971-02-18,94,11,1293
Larry Harvey,1997-06-17,71,25,3162
James Newton,1986-06-27,41,25,3661
Timothy Hall,1997-12-26,74,26,2757
Courtney Davis,2001-07-26,98,34,687
Tracy Martinez,1983-10-01,32,25,2098
Corey Dunn,1975-04-27,79,27,2014
Steven Peterson,1994-11-25,65,37,1562
Amy Bradley,2008-10-26,56,20,2411
Emma Sims,1987-05-15,46,23,4438
Elizabeth Mcconnell MD,2000-11-03,81,26,4534
Christopher Peterson,2010-05-14,33,2,3101
Brittany Moreno,1993-05-14,57,14,2818
Casey Butler,1978-01-31,36,32,4922
Alexander Andrews,1989-09-11,54,4,4288
Jeffrey Frank,1990-05-17,35,1,2775
Jennifer White,1970-05-16,48,1,3774
Bruce Moon,2004-07-14,94,8,2158
Brian Silva,2000-10-01,63,31,1134
Cory Mendez,2005-04-06,69,38,3242
Michelle Bowman,1983-09-11,34,7,4032
Miss Courtney Mendez,2013-05-26,93,40,2361
Joseph Perez,2012-01-17,93,4,3609
Christina Nunez,1985-01-26,62,20,1044
Lauren Mcguire,2018-08-16,50,17,4605
Kristina Castillo,1983-07-09,89,30,423
Andrew Tate,1974-05-16,64,38,4035
Joseph Miller,1988-05-22,41,10,3604
Angela Daugherty,1988-12-14,43,3,1064
Connie Wood,2000-11-24,42,11,1446
Eric Ward,1989-11-25,51,14,3560
Deborah Gonzales,1988-06-02,69,13,4911
Linda Brown DDS,1999-10-22,84,11,348
Mark Stout,1981-05-18,64,31,4170
Lisa Parker,1982-04-29,35,5,2798
Linda Hall,2005-08-23,98,32,2488
John Herrera,1977-08-21,67,6,1235
Brittany Hahn,1988-05-25,99,17,2109
Barbara Krueger,1971-01-04,69,15,2065
Robert Gillespie,1977-10-25,62,14,4818
Jennifer Smith,2000-10-12,45,9,4249
Lisa Chambers,2019-05-29,49,25,2674
Kathy Ramirez,1981-08-07,86,30,3253
Ronald Harris,2004-10-06,57,9,4430
Steve Stewart,2000-07-22,85,34,3560
Martin Andrews,1999-03-22,69,10,3211
Gary Pitts,2002-03-29,93,4,4126
Wesley Fisher,1984-01-09,36,9,2329
Cassandra Flores,2006-05-11,97,4,4880
Tracy Cooper,1995-07-21,45,33,2904
Lori Price,1972-08-10,71,31,3864
Anna Edwards,1989-10-19,91,30,4639
Nicholas Good,2017-03-31,49,37,2960
John Black,1973-07-25,45,6,2708
Samantha Diaz,2007-01-14,32,7,3914
Teresa Wood,1991-10-28,75,3,732
Charlotte Carey,1986-12-22,75,16,3263
Brent Daniels,1998-03-18,44,0,2452
Kristen Murphy,2017-06-26,47,22,580
John Mcdowell,1977-06-30,93,21,3525
Amy Taylor,1976-09-30,67,23,1643
Robert Brady,2008-09-27,92,14,3450
Shane Nichols,2000-03-27,82,35,4614
Alexander Ferguson,1988-02-24,71,20,4556
Robert Phillips,1982-06-10,90,32,898
Bonnie Benson,2015-08-25,53,2,2792
Allison Finley,2005-09-12,58,28,3499
Daniel Hall,1984-08-19,37,15,4042
Courtney Moore,2019-09-25,93,13,969
Matthew Adams,1979-06-20,71,0,4436
Christopher Bryant,1986-11-12,62,19,610
Priscilla Calhoun,1990-03-16,70,3,3229
Amy Ramos,1977-01-16,51,32,4742
Anthony Newton,1995-06-09,86,21,4133
April Harris,1980-01-24,48,19,4115
Connie Carey,2012-01-05,79,1,152
Lisa Walter,1978-05-23,35,36,4114
Donna Smith,1986-05-21,63,32,445
Charles Delgado,2014-02-28,53,38,2619
Rachel Cordova,2011-08-09,38,38,2201
Cassie Vasquez,1978-08-06,32,23,682
Mr. Ronald Kirk,1974-04-20,51,22,2409
Roger Pena,2016-05-23,96,16,1688
Yvette Wright,1983-04-11,53,36,694
Allison Haney,1994-06-15,49,24,3480
Katherine Meza,1997-12-31,67,21,3050
Daniel Rodriguez,2009-02-10,70,4,1016
Stacey Silva,1995-02-14,69,23,2282
Tina Molina,2005-10-05,87,27,1598
Samuel Holloway,2007-07-08,74,6,3405
Cheyenne Neal,2013-11-22,53,32,1728
Jack Valencia,2002-04-06,80,15,1712
Ashley Marks,2014-04-25,49,1,4973
Kristy Pierce,2010-05-10,88,7,4047
Renee Flores,2011-08-02,97,33,437
Cynthia Osborne,2014-09-16,93,5,305
Jessica Hobbs,2020-01-03,64,18,938
Kevin Marquez,1998-05-20,30,12,2582
Brittany Smith,2019-06-30,30,23,3470
Amy Roach,1992-04-10,90,12,3545
Margaret Williams,2015-09-27,88,18,2904
William Fuller,2004-07-22,38,2,2380
Mr. Mark Li DDS,1979-01-27,77,26,1344
Jill Gonzalez,2008-03-18,44,11,3386
Denise Perry,1971-12-18,63,39,1908
Cynthia Kelly,1988-05-15,81,5,1224
Andrea Martinez,1984-04-20,73,7,604
Deborah Ellis,2001-10-20,61,36,2829
Craig Petty,2018-04-14,71,33,3432
Karen Glenn,2014-04-03,61,40,1593
Melissa Watts,2007-12-09,86,28,4923
Vanessa Underwood,2008-02-04,57,15,4607
Tara Lopez,1982-08-15,99,31,1284
Erin Campbell,1987-02-27,45,29,3929
Stephanie Garrison,2012-03-28,68,9,648
Yesenia Smith,2012-12-15,76,17,3360
Dr. Troy Guzman,1983-12-08,83,11,876
Sabrina Solomon,1978-07-21,77,39,3667
Dustin Rodriguez,2017-11-01,37,13,2017
Diana Jones,2013-11-29,66,8,4421
Natalie Nixon,1977-12-31,52,7,4855
Tracey Daniel,2018-10-26,46,2,1857
Joseph Murphy,1971-04-23,48,22,3476
Derek Chang,1994-10-17,47,35,1928
Chelsea Fields PhD,2004-05-24,69,14,1628
Jodi Wheeler MD,1991-03-24,52,13,1575
Lauren Jones,1982-11-18,76,2,3801
Benjamin Mcpherson,2015-07-17,54,40,2261
Jacqueline Escobar,1979-12-30,83,24,3641
Dawn Lewis,1987-12-06,56,31,4135
Eric Roth,2010-01-16,64,33,3947
Catherine Washington,2014-01-30,56,3,3754
Tammy Howard,1977-11-19,54,33,3691
Jimmy Lucero,2013-08-02,55,4,984
Patricia Moore,1977-11-27,39,22,1891
Shelia Stewart,1980-11-16,97,1,168
Hunter Anderson,1977-07-19,60,21,3758
Kara Conley,2005-08-29,45,17,2358
Brandon Barr MD,1996-02-11,75,6,3607
Michael Gonzalez,2012-11-14,65,34,2628
Michelle Castillo,2005-06-02,89,2,2249
Michael Taylor,1983-03-28,89,23,333
Sean Wang,1986-12-10,44,35,722
Anne Odom,2012-05-05,73,27,3004
Brenda Davila,2019-07-01,64,20,4825
Denise Williamson,2015-10-04,97,34,2964
Angela Frazier,1972-05-05,96,2,1496
Gavin Baker,1988-11-06,77,20,3941
Catherine Wells,2002-02-26,40,5,4702
Alexander Burke,1976-04-20,47,19,3673
Richard Stone,1977-12-27,82,9,4024
Ryan Freeman,1998-02-20,82,9,1665
Sara Mckenzie,2018-12-11,86,13,4136
Johnny Johnson,1994-11-08,78,24,2018
Jennifer Flowers,2009-10-03,96,31,1607
Mr. Jimmy Lopez,1970-07-03,55,27,481
Abigail Mendoza,1994-11-19,46,21,2063
Brandon Bishop,1992-01-20,78,32,3686
Jessica Cook,1974-05-24,47,19,1317
Johnathan Sullivan,2000-06-28,98,4,1500
James Smith,1997-04-03,59,32,3060
Scott Sanchez,1999-04-12,72,5,1381
Tracy Jones,1975-12-26,61,14,583
Jeffrey Hanna,1990-12-27,60,14,2872
Jonathan Williams,1980-05-15,58,40,4847
Bryan Martin,2012-10-28,58,30,1445
Elizabeth Coleman,2015-05-30,41,1,556
Richard Wilson,1993-09-04,76,20,4321
Tina Scott,1983-12-13,84,21,4149
Michael Harris,1986-01-22,77,15,2346
Mr. Cesar Brown,2014-02-15,74,24,3817
Ryan Haynes,1974-03-24,62,21,2187
Thomas Torres,1978-12-31,72,20,1312
Jessica Manning,1977-06-14,77,4,3867
Kristina Phillips,2015-04-08,88,29,290
Rebecca Bridges,2011-11-16,34,2,1871
Raymond Moore,2010-01-21,84,7,1748
Tammy Smith,2016-10-28,84,17,1876
David Cooke,1988-07-03,65,23,1790
Laura Lewis,1979-05-26,94,24,306
Travis Wise II,2006-03-16,57,15,4608
Tyler Le,2020-06-06,82,6,2792
Thomas Ford,1990-06-26,41,2,1110
Sarah Hernandez,2012-01-15,32,40,2613
Teresa Davis,1974-11-01,96,32,3708
Daniel Velasquez,1992-10-11,38,30,4118
Kathy Hughes,1973-11-29,38,11,3108
Jennifer Miller,1997-05-31,75,39,1234
Michelle Davis,1981-04-15,44,40,759
Ruben Sparks,1980-10-26,72,5,2677
Jeffrey Cohen,2014-02-23,85,31,2893
Travis Brown,1991-03-21,58,14,3530
Tara Hogan,1976-01-14,90,31,4511
Sheila Harris,1983-04-01,70,14,3654
Michael Huynh,1995-04-22,52,24,166
Lisa Perez,2002-11-24,53,16,2366
Kelly Byrd,2013-02-02,54,10,4493
Samuel Becker,2008-01-15,90,37,1449
Amy James,2014-10-20,74,10,2797
Ashley Maddox,1971-02-18,75,4,1958
Jose French,2015-11-12,93,20,2358
Michael Frederick,1987-07-09,85,15,677
James Ramirez,1999-04-07,68,29,1279
William Herrera DVM,1999-08-29,74,2,2984
Joseph Jones,1998-05-14,66,30,2296
Amber Elliott,2000-10-22,56,1,155
Michael Tran,2014-03-03,57,26,1575
Nicole Wu,2013-08-19,59,14,1703
Barry Villegas,2020-05-19,85,27,434
Erik Ruiz,1971-12-02,42,39,3457
Mrs. Rebecca Pierce,1982-02-25,95,25,3420
Samantha Jones,1990-04-14,98,23,2580
Robert Ortiz,1984-09-13,68,21,3731
Kristin Carlson,1993-04-23,99,28,450
Bonnie Hernandez,2020-03-27,59,36,350
James Kim,2001-10-18,89,28,1604
Jeremy Keith,1980-10-03,54,40,4360
Brittany Nielsen,1973-11-03,44,19,2186
Mr. Jordan Fernandez MD,1981-04-22,56,19,1951
Joshua Young,2011-12-18,63,27,2706
Lindsey Brown,2004-10-10,73,14,4610
Danny Jones,1984-08-03,34,3,154
Michael Dunn,1976-02-20,61,10,443
Daniel Turner,1979-06-15,34,39,3743
Brenda Burns,2008-12-11,48,18,1012
David Martin,1985-03-02,66,26,2195
Kayla Roth,2020-05-12,54,38,3376
Michael Estrada,2013-02-01,65,33,3653
Barbara Munoz,2000-05-29,61,30,3328
Heather Hoffman,1994-07-28,46,34,713
Michael Jensen,2020-05-09,56,23,1368
Mary Cantrell,1998-07-01,49,14,920
Mary Moody,2010-04-02,42,36,4045
William Moreno,2010-08-05,73,21,4722
Alan Weaver,1986-04-01,36,25,4341
Nicole Burton,2009-04-08,96,17,2624
Timothy Moore,1988-11-29,62,25,648
Jacqueline Sanders,1974-05-08,81,5,251
Shelley Barnett,1982-03-13,35,34,4163
Kristin Gay,1976-03-24,37,2,3703
Brandon Daugherty,1989-06-23,45,24,846
Timothy Rogers,2003-07-29,91,15,224
Angela Morales,2001-11-06,72,36,3167
Susan Pollard,1984-04-23,81,13,1044
Rachael Rowland,2010-06-19,42,23,1370
Timothy Riley,1974-11-19,52,12,3823
Dawn Henderson,2011-04-23,43,38,4847
Selena Evans,1975-10-12,79,32,877
Kayla Miller,2001-02-15,35,36,1450
James Golden,1973-06-19,75,15,3112
Sylvia Miller,1996-08-11,32,27,438
Mary Roman,1989-10-07,44,37,3546
Holly Andrews,2015-03-12,49,4,4900
Destiny Rogers,1986-02-12,76,23,556
Mrs. Danielle Wilson,1984-01-21,82,19,4609
Mark Wagner,2017-02-11,56,18,1299
Todd Howell,1997-03-17,52,32,2868
Aaron Martinez,1990-03-07,74,14,4740
Crystal Oliver,2020-06-12,94,22,4048
Michael Rice,1996-05-03,82,1,281
Joshua Jordan,1981-10-16,55,24,4328
David Wood,1973-02-15,64,24,2200
Derrick Shepherd,1993-12-20,57,33,1983
Cory Torres,1979-03-06,89,18,3295
Paula Burgess,1973-02-03,45,34,2321
Richard Becker,2014-03-03,47,8,3986
Jessica Smith,1984-07-30,64,22,1988
Kevin Benjamin II,1975-07-26,81,20,3112
Jose Martinez,1996-02-12,58,29,1851
Christopher Rush,1980-09-26,64,24,2642
Diane Ball,1998-02-09,55,24,819
Stephen Rodriguez,1996-11-02,44,5,2150
Gerald Young,2017-06-16,78,3,3430
Joshua Howard,1985-11-20,37,23,1917
Connie Ross,2010-07-06,95,22,4906
Robert Martin,1995-09-02,40,25,719
Linda Sanchez,1995-12-23,67,34,4536
Hannah Santana,1997-02-05,88,30,4931
Danielle Calhoun,2004-08-11,91,13,407
Jordan Evans,2013-07-28,74,0,759
Mary Reyes,2014-01-11,40,32,1233
Angela Anderson,1978-02-07,68,20,2938
William Phillips,2018-09-19,46,22,2787
Stacy Hughes,1979-10-28,83,14,2806
Timothy Gray DVM,1995-03-10,55,33,2007
Jack White,2010-04-27,40,35,3025
Lori Leonard,2002-11-05,43,21,1221
Christopher May,1985-01-30,62,14,1507
Ryan Roberts,2003-09-15,71,16,4281
Sarah Murphy,1974-07-24,46,8,3852
Amanda Edwards,1980-11-04,34,9,2163
Edwin Santana,1986-02-02,71,26,2855
Alan Morris,2013-03-14,35,12,1727
Amanda Carroll,2011-01-28,33,40,3680
Rachel Hampton,1998-08-08,83,17,440
Natasha West,1977-04-13,62,1,3651
Colton Carr,2004-05-05,32,11,982
David Sanchez,1983-12-30,99,12,2772
Aaron Burnett,2017-04-10,44,21,708
Krystal Kaiser,1984-10-18,90,13,2729
Christopher Riley,1995-01-01,48,31,844
Christopher Douglas,1988-03-11,92,27,1084
Jose Allen,1980-02-04,40,39,3384
Jenna Torres,1974-10-17,35,18,4261
Carlos Wilson,2000-02-17,52,7,3108
Morgan Holland,2019-10-24,48,33,791
Christina Watts,2013-09-26,45,6,4218
Joshua Cox,1996-10-20,54,24,1397
Misty Smith,1990-05-03,55,32,1000
Jessica Carter,1995-10-19,30,11,4195
Edwin Pruitt,1974-05-17,76,16,923
Rachael Graves,1984-03-15,98,17,3014
Sheri Parker,1996-05-12,65,11,178
Todd Rush,2015-03-11,85,13,1226
Emily Le,1975-06-04,99,25,1323
Darryl Martinez,1990-06-21,97,30,3035
Ruben Watkins,1977-05-30,96,35,345
Adam Melendez,1987-01-07,49,32,4643
Hunter Larsen,2000-02-12,42,11,3679
Kevin Hansen,1996-12-10,46,22,2111
Eddie Lee,2011-05-20,99,25,4130
Alice Foley,2019-05-19,96,39,4957
Colin Herring,1975-09-12,93,8,962
Bryan Adams,1992-05-14,71,20,3705
Matthew Mcdaniel,1981-04-26,76,20,405
Patrick Day,2004-05-10,65,22,2991
Janet Hughes,1991-07-13,65,29,847
Diane Webb,1992-11-05,40,38,1060
Tracy Cobb,1999-05-15,68,15,3020
Ashley Harris,1970-03-07,41,33,2339
Heidi Williams,2007-09-17,80,34,2872
John Nelson,1998-07-10,81,20,3589
Leah Anderson,2016-06-30,65,30,553
Martha Zavala,1994-11-15,93,6,1342
Lauren Rogers,2009-03-17,82,8,4859
Justin Romero,1996-11-15,91,32,2970
Ryan Norris,2011-10-10,58,4,1609
Ryan Kirby,1981-06-26,41,10,2046
Sandra Hutchinson,2009-03-14,48,38,1070
Alicia Garcia,2014-05-07,76,15,2155
Trevor David,1998-11-10,46,11,2343
Miguel Brooks,1970-01-28,68,35,3130
Vanessa Morales,1996-05-02,49,11,394
Heidi Moore,2019-02-20,82,26,1733
Scott Davis,2018-12-22,30,13,4783
Robert Roberts,2006-03-26,80,31,994
Christopher Martin,1976-12-24,40,10,3540
Anthony Jackson,1983-11-28,66,18,2778
Dawn Garza,2016-12-15,91,25,4707
Melissa Collins,2003-10-23,71,6,4800
Mark Sanchez,1978-04-04,35,38,4523
Melvin Miller,1994-04-09,88,24,1744
Robert Peterson,1973-07-14,38,26,496
Troy Moreno,1994-09-19,92,14,4885
Jessica Koch,2010-10-14,93,18,3842
Alan Pope,2012-06-16,62,12,2848
Benjamin Sanchez,2017-03-07,49,27,1390
Rebecca Vargas,1995-10-24,93,8,2334
Kevin Gonzalez IV,1971-11-15,75,35,680
Beth Jackson,1984-03-16,58,2,1177
Keith Contreras,1973-11-17,34,39,2844
Sandra Griffin,2013-05-25,84,12,1533
Mary Davis,2011-05-27,87,31,286
Steven Bell,1971-02-03,55,9,4794
Sharon Jones,2002-09-13,38,40,1469
Mrs. Elizabeth Gardner DVM,1981-12-01,84,37,4366
Tyler Romero,1980-01-31,38,33,4228
Melissa Walker,2017-08-02,80,2,3557
Steven Oliver,1996-10-19,57,24,4309
Daniel Duncan,2005-08-06,55,11,1880
David Turner,1987-11-01,76,26,1450
Michael Mcbride,2011-11-25,59,25,2507
Anthony Ingram,1977-09-11,86,9,245
Matthew Sanchez,1990-04-21,89,2,2190
Amy King,1976-09-11,93,18,3176
Eric Dominguez,1984-12-30,47,20,1121
Mark Griffin,1988-12-06,97,14,3904
Jeffrey Mclaughlin,2010-03-20,91,20,4894
William Lindsey,1975-11-27,93,2,1438
Ian Robertson,1986-02-06,51,11,2390
Cody Ward,1993-01-02,54,25,3105
Christian Jenkins,2013-09-02,44,2,4739
Alyssa Murray,1999-08-04,74,35,2296
Victoria Henry,2014-10-31,45,35,3124
John Weaver,1977-04-17,93,36,1464
Laura Watson,1986-02-19,97,28,1809
Steven Terrell,2019-02-08,57,10,2757
Michael Johnson,2007-11-01,96,0,763
James Wiggins,1977-07-06,40,2,1759
Andrea Anderson,1980-05-06,36,37,1631
Brenda Joseph,2019-04-14,65,38,3096
Brittney Leonard,1997-06-26,64,8,1231
Jason Hopkins II,1997-04-03,63,0,1848
Kelsey Lopez,1978-08-06,75,17,4704
Troy Marshall,2019-11-01,57,4,3543
Amanda Murray,1992-06-26,40,32,1520
Tammy Nunez,2007-08-01,88,29,1578
Thomas Williams,1990-12-21,34,12,1746
William Mathis,2014-07-10,70,2,3648
Kelsey Spencer,1981-01-21,36,18,4685
Kenneth Johnson,1990-10-11,48,20,3675
Sara Howell,1990-03-09,67,32,4114
Matthew Wells,1990-07-16,42,40,1395
Scott Brown,2009-03-31,95,38,2962
Stephanie Riggs,1984-06-17,63,29,770
Sherry Forbes PhD,1996-01-23,71,1,3916
Victoria Baker,2018-10-08,43,8,2347
Alejandra Smith,1978-10-30,34,37,2052
Christine Lawrence,2001-05-06,62,2,1181
Susan Barrett,1980-05-22,48,8,3542
Laura Wilson,2017-05-22,49,6,2464
Ryan Guzman,2013-01-11,74,39,2769
Michael Martinez,1997-06-19,71,27,2191
Erica Todd,1979-10-01,93,31,2563
Benjamin Garner,1992-07-12,34,30,1004
Sara Logan,1996-01-11,44,23,2740
James Reynolds,1970-07-18,37,18,2202
Andrew Gay,1975-02-02,80,32,190
Christina George,2008-01-04,82,33,437
Gina Rivera,2006-03-14,74,18,4123
Kenneth Hall,1998-11-18,90,2,3053
Mrs. Darlene Dunn,2001-06-26,37,4,1149
Jennifer Marquez,1977-09-28,36,30,2516
Suzanne Smith,1975-08-05,94,5,3283
Robert Bryant,2011-11-01,35,31,1806
Tiffany Campbell,2010-03-12,69,34,2552
Jennifer Brown,1973-09-22,94,17,2604
Barry Davis,1988-10-22,33,0,1924
George Myers,1982-11-26,98,3,1970
Michael Smith,2003-10-16,32,9,1208
David Mahoney,1982-10-01,87,5,2437
Ryan Faulkner,1976-01-31,37,32,552
Dr. James Crawford,2020-09-24,42,16,953
Jennifer King,1980-06-11,86,1,1028
Kristen Aguirre,2001-04-25,38,6,1800
Margaret Smith,1971-07-23,47,26,1850
Kevin Gonzales,2014-05-26,53,34,3160
Steven Grant,2005-07-11,63,6,4664
Ashley Ayala,1980-05-20,33,23,3469
Patricia Taylor,1988-11-25,53,9,2050
Thomas Edwards,1988-09-30,92,37,691
Natalie Morrow,1983-10-25,94,34,1933
Dan Shaw,1996-07-24,36,7,434
Riley Roy,2017-01-08,75,9,3691
Carl Gilbert,2000-03-04,52,38,2633
Natasha Levine,2015-05-17,78,32,649
Shannon Hartman DVM,1998-11-19,65,39,3450
Gary Jones,2000-05-20,45,4,3806
Monica Hudson,2013-12-07,52,28,265
Robert Hernandez,2011-05-24,70,38,3857
Joshua Anderson,1986-12-08,94,25,2971
William Burns DVM,2020-07-11,81,7,3347
Monica Hood,2016-08-29,71,37,602
Randy Horton,1983-02-09,94,27,106
Jeffery Snyder,2006-05-21,84,33,374
David Anderson,2007-11-03,57,6,1200
Shannon Robbins,2000-01-23,70,23,1331
Sherry Clark,2014-01-05,74,24,1370
Kenneth Hunt,1998-06-09,92,29,3764
Miss Rachel Thomas DDS,1970-04-03,89,16,2450
Cheryl Gallagher,1979-09-09,72,17,259
Michelle Ellis,1975-08-06,89,17,3400
Nathan Jones,1995-11-05,48,22,718
Matthew Sharp,2019-05-28,43,23,2801
Laurie Smith,1976-12-21,48,27,787
Brenda Lin,1988-04-22,93,18,3928
Mark Grant,2000-02-02,77,38,3810
Elizabeth Murphy,1984-11-12,99,27,4444
Brenda Chavez DDS,1972-11-13,42,29,2397
David Alvarez,1997-07-04,76,13,1317
Michelle Abbott,1992-02-27,50,6,3080
Micheal Sanchez,2007-12-17,68,33,3497
Daniel Deleon,1993-05-22,82,28,2980
Erika Jefferson,1977-05-01,98,22,2028
Anna Perez,1985-06-23,33,36,947
Mr. Matthew Walsh,2005-08-10,40,6,3373
Curtis Brown,1986-08-16,86,32,2080
Julie Mendoza,1990-09-29,89,1,1607
Eric Williamson,1979-03-05,47,29,4923
Nicole Hernandez,1974-08-09,83,33,2858
Mark Kemp,1993-06-05,76,33,3279
Cathy Miller,1972-03-08,66,31,418
Keith Wright,1971-04-04,33,22,2673
Michael Jensen,2006-10-22,44,6,2088
Mrs. Sharon Baker MD,1989-05-06,43,36,4329
Logan Bowen,2018-12-10,65,4,2396
Matthew Carter,1988-01-21,64,19,2428
Kim Soto MD,2006-07-17,53,29,2090
Juan Elliott,1993-06-12,82,34,4961
Christie Cochran,2013-01-25,54,35,1736
Jessica Wade,1994-07-02,55,3,1520
Rachel Smith MD,2001-12-03,99,20,4830
Lisa Fields,1989-03-31,33,17,498
Manuel Wilson,1991-10-05,65,12,4795
Lucas Carney,2011-08-26,65,31,3059
David Russell,1979-08-22,81,16,585
Melissa Collins,1989-05-02,35,40,596
Yvonne Soto,1982-05-23,99,18,380
Richard Edwards,1973-08-02,41,7,3351
John Davila,1987-02-23,32,29,2266
Cody Mason,2012-10-23,74,1,2269
Gina Dunn,2005-02-18,75,16,3701
Andre Martin,2001-07-17,64,10,4974
Catherine Lewis,1978-02-25,39,37,1721
Dawn Campbell,1980-06-27,72,19,1941
Mrs. Victoria Reynolds DDS,1992-04-30,81,27,2765
Kyle White,1995-09-20,70,21,1710
James Martinez,1997-03-13,73,8,4531
Lori Brown,2009-02-24,34,9,4257
Amanda Acosta,2004-01-06,55,38,2500
Ryan Waters,1978-12-31,76,1,2037
Jason Moore,1973-05-07,99,19,1598
Courtney Andrews,1988-08-02,45,12,3673
Michael Pena,1993-12-25,88,19,1156
Rebecca Vazquez,1989-07-04,81,33,4776
Paul Allen,1994-05-15,72,17,3030
Christina Dixon,2007-11-20,30,15,1746
Mallory Dunn,1989-02-08,66,40,1965
Sheila Mclaughlin,1991-12-31,84,4,2781
Renee Ritter,1979-01-31,68,34,2692
Rebecca Lambert,1974-05-07,83,22,1090
Dennis Fernandez,2000-06-23,31,0,2091
Louis Tyler,1985-05-22,58,4,686
Bobby Alvarez,2006-03-14,34,29,948
Christopher Diaz,2011-11-02,39,20,3811
Adam Sullivan,1970-10-31,43,9,3145
Dr. Amy Sutton MD,1976-10-28,95,1,3619
Sara Roach,1989-05-02,78,27,638
Ronald Johnson,2015-07-26,84,25,3241
Cody Hernandez,1992-06-24,40,40,1437
James Simpson,1991-03-02,71,5,3645
John Jones,1997-06-19,57,27,254
Jamie Baker,2013-06-04,47,37,2425
Gina Mclean,1984-02-25,31,5,2660
Gregory Stevenson,2019-10-16,79,4,1395
Mrs. Pamela Bates DDS,1970-12-13,45,22,1418
Jasmine Harris,1978-08-21,63,6,1053
Juan Harris,1995-06-16,40,11,3618
Laura Reynolds,2011-03-05,89,5,4137
Darrell Mills,1988-08-19,74,14,3992
James Dixon,2018-11-28,76,5,2509
Mr. Andrew Delgado MD,1974-10-10,38,13,1966
Denise Jones,2009-12-23,77,39,620
Adam Tucker,2000-01-10,52,21,1876
Jesse Mcdonald,1972-10-26,62,8,411
Christopher Pierce,1996-04-09,58,22,2723
Robert Garcia,2016-12-21,73,22,3376
Meredith Williams,2018-01-31,35,39,206
David Wiggins,1979-10-31,36,11,309
Penny Ware,2016-12-18,99,7,4160
Cheryl Stewart,2018-10-23,61,29,3245
Darren Combs,2020-03-25,55,29,942
Christopher Scott,1980-05-26,63,32,3913
Kimberly Curtis,1999-04-27,98,28,844
Brenda Ingram,1984-11-28,90,4,3389
Charles Blackwell,1989-03-30,65,11,722
Thomas Cook,1974-07-08,58,31,299
Thomas Mitchell,1982-03-26,79,32,4812
Joshua Curtis,2019-09-01,94,10,2528
Leah Richards,2006-04-28,91,34,4126
Reginald Jackson,1996-01-24,59,9,3180
Elizabeth Rogers,2012-04-27,81,12,4602
Brenda Silva DVM,2018-02-09,42,39,256
Jennifer Larsen,1989-12-25,33,1,1790
Mary Underwood,1981-05-23,71,6,1348
Andrew Sanchez,1974-09-08,32,36,672
Amanda Cole,1999-09-28,52,21,3667
Eric Nichols,1984-03-06,86,12,740
Carmen Rubio,2007-08-04,80,26,3058
Jesse Wood,2005-12-14,72,21,2281
Amber Harris,2010-05-02,45,36,3236
Diane Brown,1997-10-05,39,22,3032
Jeff Martinez,1992-03-12,77,35,358
Shawn Thompson,2008-09-15,33,20,4754
Kenneth Giles,2001-08-04,41,19,4663
Christine Johns,1972-01-09,39,2,1318
Daniel Golden,1977-11-13,67,17,1780
John Martinez,1993-09-08,59,17,3445
Benjamin Harris,2016-05-25,96,16,1686
Cindy Dunlap,2012-03-31,88,20,4366
Jessica Kaufman,1981-11-04,41,26,1366
Cameron Moody,1975-09-26,60,35,1291
Michelle Proctor,1998-11-22,79,32,4737
Joy Porter,1995-12-17,30,22,1638
Benjamin Tate,2016-11-19,72,13,1980
Amanda Hall,1976-11-12,74,7,4090
Monica Mclaughlin,1978-12-28,87,38,2955
Julia Atkinson,2002-01-28,80,17,2578
Ricardo Fuentes,2017-08-16,95,35,2282
Tyrone Ochoa,1999-01-05,51,39,903
Hannah Young,1997-12-10,42,24,3235
Jermaine Crawford,1976-11-18,54,1,1902
Darren Schmidt Jr.,1997-11-22,81,24,2459
Shawn Myers,2001-05-12,44,19,1502
Kaitlin Garcia,2007-01-12,55,38,4157
Karen Warren,2013-02-10,35,34,385
Samantha Williams,1996-11-13,71,17,2352
Maria Williams,1997-04-24,64,19,1287
Kevin Alexander,1993-09-21,79,38,1971
Robin Alexander,2010-09-12,58,4,2493
Stephanie Jones,1971-01-30,60,5,3791
Joshua Smith,1972-01-23,87,39,2482
James Harper,1979-05-14,68,19,705
Dr. Rachel King MD,1977-12-25,65,30,2903
Jesse Flores,1985-07-09,44,10,170
Stephanie Cox,2010-09-06,50,33,4247
Kyle Burns,1971-08-26,71,30,1921
Michelle Walker,2014-05-06,87,29,3066
Yolanda Davis,2007-01-22,37,39,4212
Hector Blake,1992-06-11,41,31,815
Katie Smith,1979-08-18,99,9,3988
Dylan Li,2013-08-31,75,1,1922
Michelle Rios,1983-06-09,59,29,2800
Malik Martin,1999-03-11,73,40,776
James Phillips,2005-07-30,95,38,2097
Michelle Davis,1980-06-14,59,15,369
Susan Boyd,1990-06-27,38,17,4361
Jennifer Wilkins,1994-01-21,45,17,3816
April Smith,2006-12-11,52,17,106
Christopher Harris,1975-08-17,92,22,4041
Douglas Hurst,2013-03-01,31,17,3284
Kimberly Morgan,1985-12-08,36,0,2290
Jennifer Brown,1996-10-22,97,18,3986
James Estrada,2006-01-24,70,22,1999
Stephanie Evans,1983-04-06,46,17,2729
Justin Robinson,1996-12-27,85,7,1700
Maria Williams,1972-02-01,99,33,3680
Elizabeth Martin,1983-05-31,97,40,2521
Raymond Pope,1974-10-09,71,6,4049
Todd Suarez,2010-02-06,78,25,2999
Craig Garrison,1989-04-10,80,34,174
Samantha Robertson,1993-11-17,60,16,4930
Peggy Knox,2017-03-30,58,6,4400
Amanda Kelly,2015-02-21,38,1,3568
Michael Watkins,1998-06-17,33,19,4911
Trevor Jones,1991-02-06,66,21,919
Shawna Shepard,1989-04-13,43,28,4773
Monica Robinson,2004-07-15,53,6,2089
Joan Ellis,1991-05-10,48,12,2012
Joshua Mitchell,1972-10-24,44,29,4467
Daniel Williams,2007-07-18,33,0,703
Karen Reed,1976-12-31,30,20,1993
Tina Melendez,1984-01-13,78,21,3695
Cameron Todd,1979-12-21,97,20,978
Crystal Simpson,1985-07-29,77,31,2605
Karen Salazar,1979-08-13,30,32,1835
Sara Rosales,2015-10-12,67,27,3335
Matthew Mitchell,1992-11-25,34,22,4679
Isaac Frank,1982-08-22,73,17,4862
Jeanette Sanders,1994-11-03,37,13,2307
Amanda Zavala,2009-10-08,39,38,1052
Shirley Smith,2007-10-17,63,13,1204
Richard Scott,2011-07-29,79,36,2803
Karen Mora,1979-09-19,77,23,4687
Jordan Anderson,2012-10-16,76,6,1448
Lisa Grimes,2010-01-17,32,24,739
Michelle Ruiz,2011-07-18,59,17,2452
Susan Gill,1978-01-25,73,33,1796
Damon Young,1999-04-08,38,6,4967
Steven Scott,2015-12-13,51,1,642
Cynthia Cook,1993-12-14,98,30,3798
Rachel Green PhD,2012-03-14,38,21,2186
Vincent Lamb,2005-02-11,68,30,3738
Eric Shields,1971-06-25,87,23,1810
Jennifer Smith,1982-12-01,34,5,1706
Daniel Stokes,1981-11-25,87,30,2233
Mr. Chase Price,1971-06-19,73,29,3488
Jose Figueroa,2000-03-18,57,8,3664
Kimberly Vasquez,1979-08-04,51,17,4705
Christopher Shannon,2012-08-03,79,23,893
Nicole Moore,1992-04-08,99,2,3857
Kirk Conner,1987-12-12,33,8,3438
Laura Ford,1986-06-10,87,39,4066
Robert Barr,2001-11-26,93,27,2061
Deborah Wright,1975-05-10,85,4,4812
Rebecca Clark,1986-10-03,34,2,1873
Austin Higgins,2003-11-04,63,9,2813
Ann Meadows,1990-07-18,69,6,4525
Sabrina Mitchell,2005-03-09,92,1,1851
Jason Myers,1991-03-30,73,8,3824
Mrs. Kimberly Evans,1997-12-01,41,40,4002
David Lee,2004-07-07,32,39,4536
Jodi Lowe,2014-01-12,45,1,1829
Timothy Rogers,2010-10-03,57,7,2520
Kimberly Stewart,2013-03-06,37,8,1562
Nancy Jordan,2009-11-10,66,16,2463
Laura Hancock,2019-11-21,59,33,4721
Janet Brown,2015-01-07,81,40,3731
Jennifer Phillips,1971-07-15,89,3,766
Erin Alvarez,1985-09-27,67,17,3669
Jasmine Myers MD,1976-06-11,30,24,4484
Courtney Dominguez,2018-06-23,97,0,2662
Ryan Carter,2005-06-03,89,1,1874
Jennifer Oconnor,1984-08-16,35,37,1497
Patricia Lee,1994-03-02,41,20,2088
Tonya Shaw MD,2010-05-19,84,32,2374
Paul Flores,1990-08-06,34,6,2880
Derek Griffin,1983-08-03,64,14,1064
Tammy Harris,1985-05-02,41,19,2788
Matthew Owen,2016-04-17,49,17,1254
Nathan Choi,1981-01-27,73,1,4947
Patricia Woodward,2017-02-21,93,39,3574
Joshua Castro,2011-08-12,57,31,105
David Graves,1972-05-16,85,19,3078
Jillian Archer,2001-10-18,74,28,1084
Anthony Nelson,2001-05-12,40,2,304
Kayla Estrada,2020-05-13,60,2,2798
Robert Lynch,2015-06-13,89,0,2782
Kathy Nichols,1987-02-10,99,22,2686
Christina Jacobs,2010-03-25,67,28,1503
Zachary Steele,1971-07-25,48,38,3313
Danielle Romero,2014-03-09,95,40,1544
Gail Hendrix,2018-09-24,95,9,1919
Jimmy Miller,2002-07-05,53,29,180
Todd Richmond,1972-06-29,80,35,583
Rachel Richardson,1977-05-22,49,31,2173
Laura Avila,2015-08-20,82,4,1942
Victoria Ellison,2002-03-02,66,9,3348
Robin Underwood,2008-04-13,72,1,3341
Ebony Sanchez,1979-02-11,88,32,249
John Lane,2012-03-08,97,28,3396
Kevin Gardner,2005-07-29,40,22,3921
Anthony Hoffman,1998-08-10,52,29,4805
Cassandra Kerr,1972-07-20,88,18,2717
David May,2010-11-13,33,10,1877
Tina Mathews,1984-10-06,54,32,467
Stephen Jones,2005-12-13,80,5,3398
David Wagner,1999-11-22,98,11,4983
Melissa Ferguson,2005-01-30,63,2,2140
Scott Campbell,1999-04-16,31,9,2535
Erica Zamora,1978-02-11,78,7,1881
William Pacheco,2019-03-10,56,24,3804
Jeremy Glover,2016-01-25,80,18,2633
Ricardo Knight,1974-06-27,96,32,2240
Mark Alvarez,2018-05-08,30,16,2520
Amanda Jenkins,1970-03-06,47,24,3985
Katrina Diaz,1975-06-25,98,35,2258
Kathleen Morris,1990-07-02,44,21,2103
Theodore Miller,1979-02-24,63,23,3538
Richard Mclaughlin,1990-05-22,94,21,1942
Jacob Carrillo,2005-05-22,72,16,1231
Brian Thomas,1984-12-14,50,15,4412
Bruce Young,1975-07-20,64,37,1242
Daniel Irwin,1988-02-15,90,29,604
Jennifer Weaver,1981-02-22,98,7,2526
Timothy Johnson,1995-09-05,77,24,697
Jessica Sellers,1992-12-24,66,6,3641
Nancy Sullivan,1998-01-16,98,7,1168
Thomas Thomas,2004-02-06,87,39,704
Kristen Jimenez MD,1995-01-12,42,32,468
Lindsay Carter,2020-04-07,43,37,1101
Lucas Johnson,1987-02-24,76,38,331
Wendy Noble,1982-01-29,45,37,3428
Daniel Davis,2016-12-14,57,12,2736
Katherine Thompson,1997-04-29,40,36,1271
Joshua May,1977-04-19,58,27,2586
Jennifer Thomas,2012-05-08,75,36,2349
Nicole Arnold,1993-03-21,31,32,1066
William Carlson,2013-08-08,56,16,2186
Mr. Kevin Robinson MD,1982-05-09,58,20,4727
Tony Olsen,1996-05-23,43,21,3910
Brian Crawford,2014-04-16,43,40,2476
Andre Stewart,1979-07-02,99,24,688
Amy Powell,1974-01-21,87,6,798
Taylor Scott,1972-12-12,93,5,3614
Christopher Rowe,1992-12-22,74,33,3524
Paige Jones,1987-12-30,45,20,4980
Adrian Chang,2006-12-27,89,24,2253
Justin Thomas,1970-04-28,54,27,3955
Walter Russell,2006-07-29,86,23,262
Gregory Flowers,1976-10-31,65,12,1358
Heidi Morton,2005-08-02,77,26,978
Jody Buchanan,2014-05-14,75,6,2559
Christopher Mueller,1976-03-04,36,36,2383
Keith Chung,1986-06-27,69,22,859
Patrick Rodriguez,1993-10-03,75,16,1264
Ashley Lara,2015-10-18,43,8,670
Theresa White,2008-08-28,95,24,784
Pam Griffin,1985-08-11,62,25,878
Shane Bell,2000-09-27,85,16,689
Ian Neal,2005-07-27,91,5,666
Cynthia Simmons,1986-02-25,63,10,2182
Richard Malone,1984-01-09,56,18,3753
Linda Hardin,1970-06-28,99,18,1574
Gail Jackson,2018-05-25,60,31,3396
Patrick Reeves,2015-05-27,80,3,2878
Christopher Rosales,1979-10-15,69,9,2037
Thomas Payne,1987-04-06,78,1,1571
Susan Peters,1991-09-18,78,2,4370
Monica Guerra,2015-12-26,99,5,2049
Roger Ellison,2019-08-26,85,3,1577
James Garcia,1998-09-22,37,13,3726
Ashley King,1988-04-04,84,7,2913
Richard Cruz,2005-10-05,42,1,3255
Wendy Lambert,1976-06-02,41,5,3011
Marvin Kelley,1987-10-31,43,12,2164
Sean Johnson,2018-03-26,82,36,1345
James Young,1992-11-28,74,19,2457
Bill Duke,1983-12-27,63,13,1852
Grant Hawkins,2000-04-11,33,32,4268
Casey Hernandez,1985-07-13,88,8,1198
Kyle Jackson,1979-09-01,92,25,843
Kathy Hernandez,2001-11-27,96,39,394
Ronald Stewart,1980-06-12,61,36,622
Danielle Bradley,1984-11-13,75,10,3914
Brenda Garcia,2014-09-05,41,12,2286
Pamela Mccann,2004-06-25,64,4,2159
Wendy Kim,1983-09-14,30,14,2424
Douglas Webb,2004-10-20,83,16,376
Connie Sparks,2000-09-29,30,25,1673
Aaron Moss,1976-08-04,64,13,2475
Joshua Russell,2012-12-27,61,38,563
Zachary Anderson,1976-11-21,64,12,4575
Victoria Todd,1992-01-16,33,18,1198
William Mann,1988-12-12,44,17,2298
Kara Cook,1982-01-28,62,35,459
Michael Phillips,1984-05-06,40,37,4151
Brittany Stokes,1993-06-28,65,31,4927
David Abbott,1972-11-30,86,29,2778
George Cain,2007-02-15,41,5,2470
Emily Harrington,1993-03-13,45,30,1532
Ricky Sanchez,2011-01-15,41,28,3430
Dwayne Warren,1988-07-08,94,17,4619
Jacob Young,1988-04-26,57,33,3185
Jennifer Mckinney,1981-06-22,41,19,2404
Rachel Wilkerson,1972-01-23,36,29,3717
Cynthia Tyler,2002-01-19,41,26,4357
Tony Norman,2019-09-12,92,9,4869
Hannah Jordan,1976-12-12,41,25,4212
Meredith Martin,1987-10-10,70,17,2977
Marilyn Pitts,2000-02-21,91,19,1024
Alison Martinez,1976-11-24,78,21,4577
Steven Wood,2009-03-01,66,39,630
Nancy Delacruz,2019-06-24,69,16,2921
Jeremy Pope,1975-08-27,74,27,300
Corey Bell,1983-04-05,69,13,2173
James Huang,2020-08-05,96,26,2282
Paige Chen,1985-01-14,98,33,3874
Beth Ramirez MD,1977-09-15,76,4,3677
Michael Rodgers,1988-08-16,64,38,2172
Nicholas Watkins,2018-07-19,83,20,4355
Kara Clark,1981-11-16,47,40,318
Lisa Brown,2005-08-22,78,32,4192
Mercedes Reynolds,1980-11-16,51,38,3638
Kyle Cohen,1989-12-25,75,18,3514
Thomas Wood,1983-07-03,44,9,4919
Michael Garcia,1975-06-07,80,28,1161
Bryan Brown,1987-03-30,87,36,270
Nicole Tucker,1997-04-20,47,18,4643
Bryan Parker,1997-04-22,56,0,4782
Gabriel Tucker,1998-06-07,82,34,4572
William Knox,2003-12-15,87,2,2749
William Snow,2003-02-25,90,33,399
Belinda Taylor,1981-02-17,95,18,4989
Vanessa Ford,1975-12-13,47,35,3509
Rachel Green,1980-01-07,99,39,795
Cassie Turner,2017-05-04,43,30,2502
Todd Allen,2006-06-06,33,39,1144
Trevor Black,1991-10-31,78,38,1200
Kyle Lowe,2016-10-29,54,31,710
Stanley Wright,2018-05-18,40,30,4301
Timothy Bass,2007-10-17,53,35,650
Jeffery Barajas DDS,1994-08-09,67,27,140
David Rivera,1979-07-16,46,12,610
Ashley Wallace,1983-12-27,70,29,3747
Carrie Willis,1977-11-14,53,36,272
Billy Adams,2015-11-03,79,34,3749
Gloria Vance,2010-08-30,47,6,1601
Kayla Turner,2015-08-03,63,7,1418
Kristen Rios,2015-05-05,65,27,4828
Caleb Coleman,2019-09-03,37,24,1013
Stephanie Schmidt,1997-04-02,43,2,2740
Christine Smith,2008-09-08,48,16,1064
Anna Patterson,2005-04-13,37,22,4597
Mrs. Alyssa Perez,2015-08-12,67,35,2996
Angela Snow,2009-05-21,71,10,2562
Brian Webb,2011-07-27,31,32,450
Richard Castillo,2016-11-28,97,30,2324
Jennifer Roberts,2014-05-31,64,36,2048
Kristina Gardner,2016-02-12,38,22,3313
Dawn Bray,1974-12-24,51,17,4461
Katherine Murphy,2018-05-28,42,26,2844
Matthew Meyer,1975-06-29,88,16,4144
Susan Crawford,2003-05-11,36,0,526
Brenda Harris,2016-11-04,33,28,738
Michael Russell,2019-12-29,54,34,1735
Dana White,1972-07-04,65,22,1027
Mary Torres,1970-08-05,81,29,2583
Lauren Young,1987-02-17,79,17,355
Stacy Benson,2010-05-28,38,27,820
Michael Conrad,1975-07-23,55,36,1094
Margaret Wood,1976-11-01,82,24,486
Stephanie Smith,2015-01-29,82,10,727
Trevor Rodgers,1970-01-13,92,3,4088
Ashley Stewart,1997-12-18,96,13,4338
Michael Wood,2001-04-05,79,0,610
Nicholas Watson,1990-02-16,71,26,3126
Justin Anderson,1994-07-22,63,21,1884
Angel Giles,1971-02-04,60,0,3970
Angela Walker,2016-09-30,70,6,308
Emma Reynolds,1970-09-05,96,30,4119
Jack Johnson,1971-01-30,31,13,1842
Robert Bowman,1996-01-03,94,10,1867
John Butler,1998-06-14,85,6,570
Ryan Nelson,1986-03-07,75,40,2016
Ashley Tyler,1979-11-19,97,26,4991
Kimberly Mccoy,1993-07-03,40,40,409
Travis Liu,2018-07-09,99,11,4705
Matthew Gilbert,1979-10-26,84,21,4749
Olivia Hill,2001-11-08,38,17,3914
Gregory Smith,1990-09-14,89,37,824
Cameron Harrington,1991-02-25,98,34,3783
Megan Harris MD,1974-08-12,68,32,1553
Matthew Villegas,2007-03-08,45,39,215
Justin Browning,1977-09-23,83,25,1181
Brittany Palmer,1992-02-12,39,18,3712
Jaime Rojas,1984-05-12,88,38,4426
Megan Delgado MD,1975-09-04,82,0,182
Lindsey Carter,1987-04-22,80,23,3734
Amy Robinson,1978-01-12,56,28,655
Andrew Lopez,2018-12-08,91,29,3750
William Bryant,1977-04-08,65,26,1164
William Cabrera,1972-06-06,89,34,1696
Misty Hudson,2004-09-12,64,25,2660
Mark Rich,2005-05-22,58,26,1209
Mr. Victor Moore,1983-05-09,40,5,1001
Michelle Lara,1983-04-22,33,30,3096
Robert White,2007-06-02,97,32,378
Mark Carpenter,1984-02-20,32,14,4649
Omar Holland,2020-04-16,47,2,1564
Maria Ramirez,1993-09-07,74,9,1920
Melissa West,1982-01-21,52,25,3877
Jonathan Vaughn,2004-04-10,76,32,755
Christopher Mueller,2016-07-14,33,15,4830
Danielle Young DDS,1994-01-28,64,0,4156
George Simpson,1982-12-30,94,13,2408
Roberta Parker,2010-12-28,91,32,1095
